{"assets":[],"layers":[{"ddd":0,"ind":0,"ty":4,"nm":"“infinity”轮廓 2","ks":{"o":{"k":100},"r":{"k":0},"p":{"k":[17,17,0]},"a":{"k":[16,16,0]},"s":{"k":[100,100,100]}},"ao":0,"shapes":[{"ty":"gr","it":[{"ind":0,"ty":"sh","ks":{"k":{"i":[[2.1,2.2],[2.6,-2.5],[-2.5,-2.5],[-2.5,2.6],[-2,2.2],[-2.5,-2.5],[2.5,-2.5],[2.4,2.6]],"o":[[-2.4,-2.6],[-2.6,2.5],[2.5,2.5],[2.1,-2.2],[2.4,-2.6],[2.5,2.5],[-2.5,2.5],[-2,-2.2]],"v":[[-3.2,-3.9],[-13.1,-4.6],[-13.1,4.6],[-3.2,3.9],[3.3,-3.9],[13.2,-4.6],[13.2,4.6],[3.3,3.9]],"c":true}},"nm":"路径 1","mn":"ADBE Vector Shape - Group"},{"ty":"st","c":{"k":[0.2,0.3451,0.7294,1]},"o":{"k":100},"w":{"k":2},"lc":1,"lj":1,"ml":10,"nm":"描边 1","mn":"ADBE Vector Graphic - Stroke"},{"ty":"tr","p":{"k":[15.9,16],"ix":2},"a":{"k":[0,0],"ix":1},"s":{"k":[100,100],"ix":3},"r":{"k":0,"ix":6},"o":{"k":100,"ix":7},"sk":{"k":0,"ix":4},"sa":{"k":0,"ix":5},"nm":"变换"}],"nm":"组 1","np":3,"mn":"ADBE Vector Group"},{"ty":"tm","s":{"k":[{"i":{"x":[0.833],"y":[0.833]},"o":{"x":[0.167],"y":[0.167]},"n":["0p833_0p833_0p167_0p167"],"t":0,"s":[0],"e":[83]},{"i":{"x":[0.833],"y":[0.833]},"o":{"x":[0.167],"y":[0.167]},"n":["0p833_0p833_0p167_0p167"],"t":6,"s":[83],"e":[83]},{"i":{"x":[0.833],"y":[0.833]},"o":{"x":[0.167],"y":[0.167]},"n":["0p833_0p833_0p167_0p167"],"t":23,"s":[83],"e":[0]},{"t":30}],"ix":1},"e":{"k":[{"i":{"x":[0.833],"y":[0.833]},"o":{"x":[0.167],"y":[0.167]},"n":["0p833_0p833_0p167_0p167"],"t":0,"s":[100],"e":[100]},{"t":23}],"ix":2},"o":{"k":[{"i":{"x":[0.833],"y":[0.833]},"o":{"x":[0.167],"y":[0.167]},"n":["0p833_0p833_0p167_0p167"],"t":6,"s":[0],"e":[519]},{"i":{"x":[0.833],"y":[0.833]},"o":{"x":[0.167],"y":[0.167]},"n":["0p833_0p833_0p167_0p167"],"t":23,"s":[519],"e":[861]},{"t":30}],"ix":3},"m":1,"ix":2,"nm":"修剪路径 1","mn":"ADBE Vector Filter - Trim"},{"ty":"st","c":{"k":[0.2,0.3451,0.7294,1]},"o":{"k":100},"w":{"k":2},"lc":2,"lj":2,"nm":"描边 1","mn":"ADBE Vector Graphic - Stroke"}],"ip":0,"op":100,"st":0,"bm":0,"sr":1},{"ddd":0,"ind":1,"ty":4,"nm":"“infinity”轮廓","ks":{"o":{"k":100},"r":{"k":0},"p":{"k":[17,17,0]},"a":{"k":[16,16,0]},"s":{"k":[100,100,100]}},"ao":0,"shapes":[{"ty":"gr","it":[{"ind":0,"ty":"sh","ks":{"k":{"i":[[2.1,2.2],[2.6,-2.5],[-2.5,-2.5],[-2.5,2.6],[-2,2.2],[-2.5,-2.5],[2.5,-2.5],[2.4,2.6]],"o":[[-2.4,-2.6],[-2.6,2.5],[2.5,2.5],[2.1,-2.2],[2.4,-2.6],[2.5,2.5],[-2.5,2.5],[-2,-2.2]],"v":[[-3.2,-3.9],[-13.1,-4.6],[-13.1,4.6],[-3.2,3.9],[3.3,-3.9],[13.2,-4.6],[13.2,4.6],[3.3,3.9]],"c":true}},"nm":"路径 1","mn":"ADBE Vector Shape - Group"},{"ty":"st","c":{"k":[0.1412,0.7451,0.6,1]},"o":{"k":100},"w":{"k":2},"lc":1,"lj":1,"ml":10,"nm":"描边 1","mn":"ADBE Vector Graphic - Stroke"},{"ty":"tr","p":{"k":[15.9,16],"ix":2},"a":{"k":[0,0],"ix":1},"s":{"k":[100,100],"ix":3},"r":{"k":0,"ix":6},"o":{"k":100,"ix":7},"sk":{"k":0,"ix":4},"sa":{"k":0,"ix":5},"nm":"变换"}],"nm":"组 1","np":3,"mn":"ADBE Vector Group"}],"ip":0,"op":100,"st":0,"bm":0,"sr":1}],"v":"4.5.4","ddd":0,"ip":0,"op":30,"fr":10,"w":34,"h":34}